,class_name,file_name
0,Beetle,Beetle-Train (606).jpeg
1,Beetle,Beetle-Train (866).jpeg
2,Beetle,Beetle-Train (414).jpeg
3,Beetle,Beetle-Train (763).jpeg
4,Beetle,Beetle-Train (1366).jpeg
5,Beetle,Beetle-Train (308).jpeg
6,Beetle,Beetle-Train (55).jpeg
7,Beetle,Beetle-Train (327).jpeg
8,Beetle,Beetle-Train (908).jpeg
9,Beetle,Beetle-Train (89).jpg
10,Beetle,Beetle-Train (691).jpeg
11,Beetle,Beetle-Train (1128).jpeg
12,Beetle,Beetle-Train (32).jpeg
13,Beetle,Beetle-Train (1042).jpeg
14,Beetle,Beetle-Train (854).jpeg
15,Beetle,Beetle-Train (19).jpg
16,Beetle,Beetle-Train (1114).jpeg
17,Beetle,Beetle-Train (820).jpeg
18,Beetle,Beetle-Train (1814).jpeg
19,Beetle,Beetle-Train (1473).jpeg
20,Beetle,Beetle-Train (1588).jpeg
21,Beetle,Beetle-Train (1558).jpeg
22,Beetle,Beetle-Train (741).jpeg
23,Beetle,Beetle-Train (1676).jpeg
24,Beetle,Beetle-Train (570).jpeg
25,Beetle,Beetle-Train (1043).jpeg
26,Beetle,Beetle-Train (986).jpeg
27,Beetle,Beetle-Train (145).jpeg
28,Beetle,Beetle-Train (1154).jpeg
29,Beetle,Beetle-Train (637).jpeg
30,Beetle,Beetle-Train (461).jpeg
31,Beetle,Beetle-Train (716).jpeg
32,Beetle,Beetle-Train (865).jpeg
33,Beetle,Beetle-Train (1569).jpeg
34,Beetle,Beetle-Train (1285).jpeg
35,Beetle,Beetle-Train (1282).jpeg
36,Beetle,Beetle-Train (1312).jpeg
37,Beetle,Beetle-Train (1831).jpeg
38,Beetle,Beetle-Train (1834).jpeg
39,Beetle,Beetle-Train (647).jpeg
40,Beetle,Beetle-Train (243).jpeg
41,Beetle,Beetle-Train (962).jpeg
42,Beetle,Beetle-Train (319).jpeg
43,Beetle,Beetle-Train (772).jpeg
44,Beetle,Beetle-Train (1459).jpeg
45,Beetle,Beetle-Train (70).jpg
46,Beetle,Beetle-Train (129).jpeg
47,Beetle,Beetle-Train (1186).jpeg
48,Beetle,Beetle-Train (1338).jpeg
49,Beetle,Beetle-Train (1293).jpeg
50,Beetle,Beetle-Train (337).jpeg
51,Beetle,Beetle-Train (1174).jpeg
52,Beetle,Beetle-Train (277).jpeg
53,Beetle,Beetle-Train (125).jpeg
54,Beetle,Beetle-Train (1398).jpeg
55,Beetle,Beetle-Train (1047).jpeg
56,Beetle,Beetle-Train (1385).jpeg
57,Beetle,Beetle-Train (568).jpeg
58,Beetle,Beetle-Train (164).jpeg
59,Beetle,Beetle-Train (1151).jpeg
60,Beetle,Beetle-Train (527).jpeg
61,Beetle,Beetle-Train (1356).jpeg
62,Beetle,Beetle-Train (1424).jpeg
63,Beetle,Beetle-Train (1587).jpeg
64,Beetle,Beetle-Train (115).jpeg
65,Beetle,Beetle-Train (774).jpeg
66,Beetle,Beetle-Train (145).jpeg
67,Beetle,Beetle-Train (1203).jpeg
68,Beetle,Beetle-Train (20).jpg
69,Beetle,Beetle-Train (396).jpeg
70,Beetle,Beetle-Train (1591).jpeg
71,Beetle,Beetle-Train (658).jpeg
72,Beetle,Beetle-Train (829).jpeg
73,Beetle,Beetle-Train (957).jpeg
74,Beetle,Beetle-Train (1394).jpeg
75,Beetle,Beetle-Train (1272).jpeg
76,Beetle,Beetle-Train (564).jpeg
77,Beetle,Beetle-Train (767).jpeg
78,Beetle,Beetle-Train (1083).jpeg
79,Beetle,Beetle-Train (517).jpeg
80,Beetle,Beetle-Train (328).jpeg
81,Beetle,Beetle-Train (166).jpeg
82,Beetle,Beetle-Train (775).jpeg
83,Beetle,Beetle-Train (856).jpeg
84,Beetle,Beetle-Train (1837).jpeg
85,Beetle,Beetle-Train (1266).jpeg
86,Beetle,Beetle-Train (683).jpeg
87,Beetle,Beetle-Train (315).jpeg
88,Beetle,Beetle-Train (310).jpeg
89,Beetle,Beetle-Train (83).jpeg
90,Beetle,Beetle-Train (1213).jpeg
91,Beetle,Beetle-Train (1286).jpeg
92,Beetle,Beetle-Train (364).jpeg
93,Beetle,Beetle-Train (1272).jpeg
94,Beetle,Beetle-Train (1876).jpeg
95,Beetle,Beetle-Train (266).jpeg
96,Beetle,Beetle-Train (101).jpeg
97,Beetle,Beetle-Train (1870).jpeg
98,Beetle,Beetle-Train (1243).jpeg
99,Beetle,Beetle-Train (1753).jpeg
100,Butterfly,Butterfly-train (361).jpeg
101,Butterfly,Butterfly-train (823).jpeg
102,Butterfly,Butterfly-train (1537).jpeg
103,Butterfly,Butterfly-train (215).jpeg
104,Butterfly,Butterfly-train (796).jpeg
105,Butterfly,Butterfly-train (1540).jpeg
106,Butterfly,Butterfly-train (876).jpeg
107,Butterfly,Butterfly-train (1051).jpeg
108,Butterfly,Butterfly-train (169).jpg
109,Butterfly,Butterfly-train (1401).jpeg
110,Butterfly,Butterfly-train (1042).jpeg
111,Butterfly,Butterfly-train (1405).jpeg
112,Butterfly,Butterfly-train (1591).jpeg
113,Butterfly,Butterfly-train (1604).jpeg
114,Butterfly,Butterfly-train (254).jpeg
115,Butterfly,Butterfly-train (1295).jpeg
116,Butterfly,Butterfly-train (814).jpeg
117,Butterfly,Butterfly-train (976).jpeg
118,Butterfly,Butterfly-train (8).jpg
119,Butterfly,Butterfly-train (1152).jpeg
120,Butterfly,Butterfly-train (35).jpeg
121,Butterfly,Butterfly-train (92).jpeg
122,Butterfly,Butterfly-train (1044).jpeg
123,Butterfly,Butterfly-train (128).jpg
124,Butterfly,Butterfly-train (267).jpeg
125,Butterfly,Butterfly-train (623).jpeg
126,Butterfly,Butterfly-train (1415).jpeg
127,Butterfly,Butterfly-train (262).jpeg
128,Butterfly,Butterfly-train (9).jpeg
129,Butterfly,Butterfly-train (507).jpeg
130,Butterfly,Butterfly-train (903).jpeg
131,Butterfly,Butterfly-train (1497).jpeg
132,Butterfly,Butterfly-train (329).jpeg
133,Butterfly,Butterfly-train (916).jpeg
134,Butterfly,Butterfly-train (1099).jpeg
135,Butterfly,Butterfly-train (157).jpg
136,Butterfly,Butterfly-train (1048).jpeg
137,Butterfly,Butterfly-train (1682).jpeg
138,Butterfly,Butterfly-train (1374).jpeg
139,Butterfly,Butterfly-train (1381).jpeg
140,Butterfly,Butterfly-train (642).jpeg
141,Butterfly,Butterfly-train (1462).jpeg
142,Butterfly,Butterfly-train (161).jpeg
143,Butterfly,Butterfly-train (352).jpeg
144,Butterfly,Butterfly-train (772).jpeg
145,Butterfly,Butterfly-train (1537).jpeg
146,Butterfly,Butterfly-train (51).jpeg
147,Butterfly,Butterfly-train (1413).jpeg
148,Butterfly,Butterfly-train (1279).jpeg
149,Butterfly,Butterfly-train (873).jpeg
150,Butterfly,Butterfly-train (1282).jpeg
151,Butterfly,Butterfly-train (42).jpg
152,Butterfly,Butterfly-train (137).jpg
153,Butterfly,Butterfly-train (1247).jpeg
154,Butterfly,Butterfly-train (721).jpeg
155,Butterfly,Butterfly-train (1666).jpeg
156,Butterfly,Butterfly-train (1086).jpeg
157,Butterfly,Butterfly-train (1134).jpeg
158,Butterfly,Butterfly-train (280).jpeg
159,Butterfly,Butterfly-train (321).jpeg
160,Butterfly,Butterfly-train (884).jpeg
161,Butterfly,Butterfly-train (656).jpeg
162,Butterfly,Butterfly-train (775).jpeg
163,Butterfly,Butterfly-train (1409).jpeg
164,Butterfly,Butterfly-train (745).jpeg
165,Butterfly,Butterfly-train (192).jpeg
166,Butterfly,Butterfly-train (1391).jpeg
167,Butterfly,Butterfly-train (810).jpeg
168,Butterfly,Butterfly-train (696).jpeg
169,Butterfly,Butterfly-train (1508).jpeg
170,Butterfly,Butterfly-train (57).jpeg
171,Butterfly,Butterfly-train (184).jpeg
172,Butterfly,Butterfly-train (999).jpeg
173,Butterfly,Butterfly-train (1248).jpeg
174,Butterfly,Butterfly-train (570).jpeg
175,Butterfly,Butterfly-train (1233).jpeg
176,Butterfly,Butterfly-train (1721).jpeg
177,Butterfly,Butterfly-train (906).jpeg
178,Butterfly,Butterfly-train (96).jpg
179,Butterfly,Butterfly-train (381).jpeg
180,Butterfly,Butterfly-train (924).jpeg
181,Butterfly,Butterfly-train (464).jpeg
182,Butterfly,Butterfly-train (815).jpeg
183,Butterfly,Butterfly-train (145).jpg
184,Butterfly,Butterfly-train (910).jpeg
185,Butterfly,Butterfly-train (1654).jpeg
186,Butterfly,Butterfly-train (51).jpeg
187,Butterfly,Butterfly-train (1471).jpeg
188,Butterfly,Butterfly-train (1339).jpeg
189,Butterfly,Butterfly-train (727).jpeg
190,Butterfly,Butterfly-train (1078).jpeg
191,Butterfly,Butterfly-train (696).jpeg
192,Butterfly,Butterfly-train (295).jpeg
193,Butterfly,Butterfly-train (570).jpeg
194,Butterfly,Butterfly-train (578).jpeg
195,Butterfly,Butterfly-train (1079).jpeg
196,Butterfly,Butterfly-train (276).jpeg
197,Butterfly,Butterfly-train (242).jpeg
198,Butterfly,Butterfly-train (259).jpeg
199,Butterfly,Butterfly-train (673).jpeg
200,Cat,Cat-Train (614).jpeg
201,Cat,Cat-Train (465).jpeg
202,Cat,Cat-Train (169).jpeg
203,Cat,Cat-Train (705).jpeg
204,Cat,Cat-Train (266).jpeg
205,Cat,Cat-Train (463).jpeg
206,Cat,Cat-Train (550).jpeg
207,Cat,Cat-Train (1110).jpeg
208,Cat,Cat-Train (1365).jpeg
209,Cat,Cat-Train (722).jpeg
210,Cat,Cat-Train (961).jpeg
211,Cat,Cat-Train (1070).jpeg
212,Cat,Cat-Train (1117).jpeg
213,Cat,Cat-Train (34).jpeg
214,Cat,Cat-Train (962).jpeg
215,Cat,Cat-Train (1157).jpeg
216,Cat,Cat-Train (315).jpeg
217,Cat,Cat-Train (1546).jpeg
218,Cat,Cat-Train (1221).jpeg
219,Cat,Cat-Train (706).jpeg
220,Cat,Cat-Train (787).jpeg
221,Cat,Cat-Train (365).jpeg
222,Cat,Cat-Train (147).jpeg
223,Cat,Cat-Train (136).jpeg
224,Cat,Cat-Train (44).jpeg
225,Cat,Cat-Train (97).jpeg
226,Cat,Cat-Train (1788).jpeg
227,Cat,Cat-Train (1257).jpeg
228,Cat,Cat-Train (963).jpeg
229,Cat,Cat-Train (1564).jpeg
230,Cat,Cat-Train (115).jpeg
231,Cat,Cat-Train (144).jpeg
232,Cat,Cat-Train (1506).jpeg
233,Cat,Cat-Train (712).jpeg
234,Cat,Cat-Train (31).jpeg
235,Cat,Cat-Train (1343).jpeg
236,Cat,Cat-Train (338).jpeg
237,Cat,Cat-Train (370).jpeg
238,Cat,Cat-Train (1245).jpeg
239,Cat,Cat-Train (118).jpeg
240,Cat,Cat-Train (634).jpeg
241,Cat,Cat-Train (1908).jpeg
242,Cat,Cat-Train (122).jpeg
243,Cat,Cat-Train (737).jpeg
244,Cat,Cat-Train (1248).jpeg
245,Cat,Cat-Train (229).jpeg
246,Cat,Cat-Train (1147).jpeg
247,Cat,Cat-Train (104).jpeg
248,Cat,Cat-Train (1290).jpeg
249,Cat,Cat-Train (706).jpeg
250,Cat,Cat-Train (754).jpeg
251,Cat,Cat-Train (1404).jpeg
252,Cat,Cat-Train (1107).jpeg
253,Cat,Cat-Train (12).jpeg
254,Cat,Cat-Train (644).jpeg
255,Cat,Cat-Train (101).jpeg
256,Cat,Cat-Train (923).jpeg
257,Cat,Cat-Train (1497).jpeg
258,Cat,Cat-Train (1892).jpeg
259,Cat,Cat-Train (26).jpg
260,Cat,Cat-Train (1862).jpeg
261,Cat,Cat-Train (1592).jpeg
262,Cat,Cat-Train (1610).jpeg
263,Cat,Cat-Train (1140).jpeg
264,Cat,Cat-Train (1187).jpeg
265,Cat,Cat-Train (1169).jpeg
266,Cat,Cat-Train (777).jpeg
267,Cat,Cat-Train (416).jpeg
268,Cat,Cat-Train (1689).jpeg
269,Cat,Cat-Train (1454).jpeg
270,Cat,Cat-Train (1440).jpeg
271,Cat,Cat-Train (1143).jpeg
272,Cat,Cat-Train (252).jpeg
273,Cat,Cat-Train (1746).jpeg
274,Cat,Cat-Train (467).jpeg
275,Cat,Cat-Train (1894).jpeg
276,Cat,Cat-Train (903).jpeg
277,Cat,Cat-Train (581).jpeg
278,Cat,Cat-Train (349).jpeg
279,Cat,Cat-Train (1849).jpeg
280,Cat,Cat-Train (920).jpeg
281,Cat,Cat-Train (1658).jpeg
282,Cat,Cat-Train (519).jpeg
283,Cat,Cat-Train (731).jpeg
284,Cat,Cat-Train (29).jpeg
285,Cat,Cat-Train (219).jpeg
286,Cat,Cat-Train (730).jpeg
287,Cat,Cat-Train (1417).jpeg
288,Cat,Cat-Train (846).jpeg
289,Cat,Cat-Train (377).jpeg
290,Cat,Cat-Train (1251).jpeg
291,Cat,Cat-Train (1004).jpeg
292,Cat,Cat-Train (1229).jpeg
293,Cat,Cat-Train (481).jpeg
294,Cat,Cat-Train (1153).jpeg
295,Cat,Cat-Train (898).jpeg
296,Cat,Cat-Train (1458).jpeg
297,Cat,Cat-Train (1797).jpeg
298,Cat,Cat-Train (5).jpg
299,Cat,Cat-Train (76).jpeg
300,Cow,Cow-Train (585).jpeg
301,Cow,Cow-Train (1).jpeg
302,Cow,Cow-Train (930).jpeg
303,Cow,Cow-Train (1886).jpeg
304,Cow,Cow-Train (1244).jpeg
305,Cow,Cow-Train (194).jpeg
306,Cow,Cow-Train (1138).jpeg
307,Cow,Cow-Train (354).jpeg
308,Cow,Cow-Train (1754).jpeg
309,Cow,Cow-Train (361).jpeg
310,Cow,Cow-Train (1467).jpeg
311,Cow,Cow-Train (287).jpeg
312,Cow,Cow-Train (1073).jpeg
313,Cow,Cow-Train (1420).jpeg
314,Cow,Cow-Train (405).jpeg
315,Cow,Cow-Train (1022).jpeg
316,Cow,Cow-Train (1333).jpeg
317,Cow,Cow-Train (269).jpeg
318,Cow,Cow-Train (704).jpeg
319,Cow,Cow-Train (220).jpeg
320,Cow,Cow-Train (484).jpeg
321,Cow,Cow-Train (1847).jpeg
322,Cow,Cow-Train (1258).jpeg
323,Cow,Cow-Train (811).jpeg
324,Cow,Cow-Train (1723).jpeg
325,Cow,Cow-Train (1149).jpeg
326,Cow,Cow-Train (238).jpeg
327,Cow,Cow-Train (1084).jpeg
328,Cow,Cow-Train (1073).jpeg
329,Cow,Cow-Train (853).jpeg
330,Cow,Cow-Train (1925).jpeg
331,Cow,Cow-Train (78).jpeg
332,Cow,Cow-Train (607).jpeg
333,Cow,Cow-Train (1354).jpeg
334,Cow,Cow-Train (274).jpeg
335,Cow,Cow-Train (517).jpeg
336,Cow,Cow-Train (610).jpeg
337,Cow,Cow-Train (825).jpeg
338,Cow,Cow-Train (1573).jpeg
339,Cow,Cow-Train (1998).jpeg
340,Cow,Cow-Train (755).jpeg
341,Cow,Cow-Train (457).jpeg
342,Cow,Cow-Train (1309).jpeg
343,Cow,Cow-Train (823).jpeg
344,Cow,Cow-Train (411).jpeg
345,Cow,Cow-Train (366).jpeg
346,Cow,Cow-Train (1400).jpeg
347,Cow,Cow-Train (275).jpeg
348,Cow,Cow-Train (899).jpeg
349,Cow,Cow-Train (138).jpeg
350,Cow,Cow-Train (1640).jpeg
351,Cow,Cow-Train (1524).jpeg
352,Cow,Cow-Train (1230).jpeg
353,Cow,Cow-Train (1906).jpeg
354,Cow,Cow-Train (412).jpeg
355,Cow,Cow-Train (1656).jpeg
356,Cow,Cow-Train (1485).jpeg
357,Cow,Cow-Train (1444).jpeg
358,Cow,Cow-Train (1767).jpeg
359,Cow,Cow-Train (782).jpeg
360,Cow,Cow-Train (825).jpeg
361,Cow,Cow-Train (386).jpeg
362,Cow,Cow-Train (1438).jpeg
363,Cow,Cow-Train (803).jpeg
364,Cow,Cow-Train (777).jpeg
365,Cow,Cow-Train (432).jpeg
366,Cow,Cow-Train (1366).jpeg
367,Cow,Cow-Train (825).jpeg
368,Cow,Cow-Train (1010).jpeg
369,Cow,Cow-Train (773).jpeg
370,Cow,Cow-Train (1724).jpeg
371,Cow,Cow-Train (438).jpeg
372,Cow,Cow-Train (1142).jpeg
373,Cow,Cow-Train (1165).jpeg
374,Cow,Cow-Train (1156).jpeg
375,Cow,Cow-Train (773).jpeg
376,Cow,Cow-Train (1549).jpeg
377,Cow,Cow-Train (1537).jpeg
378,Cow,Cow-Train (1539).jpeg
379,Cow,Cow-Train (146).jpeg
380,Cow,Cow-Train (688).jpeg
381,Cow,Cow-Train (1006).jpeg
382,Cow,Cow-Train (1443).jpeg
383,Cow,Cow-Train (1104).jpeg
384,Cow,Cow-Train (1209).jpeg
385,Cow,Cow-Train (110).jpeg
386,Cow,Cow-Train (44).jpeg
387,Cow,Cow-Train (475).jpeg
388,Cow,Cow-Train (641).jpeg
389,Cow,Cow-Train (1346).jpeg
390,Cow,Cow-Train (103).jpeg
391,Cow,Cow-Train (1963).jpeg
392,Cow,Cow-Train (515).jpeg
393,Cow,Cow-Train (624).jpeg
394,Cow,Cow-Train (128).jpeg
395,Cow,Cow-Train (1040).jpeg
396,Cow,Cow-Train (157).jpeg
397,Cow,Cow-Train (1770).jpeg
398,Cow,Cow-Train (1929).jpeg
399,Cow,Cow-Train (1675).jpeg
400,Dog,Dog-Train (1783).jpeg
401,Dog,Dog-Train (95).jpg
402,Dog,Dog-Train (1740).jpeg
403,Dog,Dog-Train (332).jpeg
404,Dog,Dog-Train (906).jpeg
405,Dog,Dog-Train (876).jpeg
406,Dog,Dog-Train (773).jpeg
407,Dog,Dog-Train (41).jpg
408,Dog,Dog-Train (256).jpeg
409,Dog,Dog-Train (1260).jpeg
410,Dog,Dog-Train (129).jpg
411,Dog,Dog-Train (936).jpeg
412,Dog,Dog-Train (273).jpeg
413,Dog,Dog-Train (1795).jpeg
414,Dog,Dog-Train (548).jpeg
415,Dog,Dog-Train (1236).jpeg
416,Dog,Dog-Train (659).jpeg
417,Dog,Dog-Train (1588).jpeg
418,Dog,Dog-Train (1012).jpeg
419,Dog,Dog-Train (1525).jpeg
420,Dog,Dog-Train (907).jpeg
421,Dog,Dog-Train (1754).jpeg
422,Dog,Dog-Train (62).jpg
423,Dog,Dog-Train (1304).jpeg
424,Dog,Dog-Train (1046).jpeg
425,Dog,Dog-Train (110).jpg
426,Dog,Dog-Train (122).jpg
427,Dog,Dog-Train (69).jpg
428,Dog,Dog-Train (159).jpg
429,Dog,Dog-Train (909).jpeg
430,Dog,Dog-Train (1532).jpeg
431,Dog,Dog-Train (1183).jpeg
432,Dog,Dog-Train (141).jpg
433,Dog,Dog-Train (163).jpeg
434,Dog,Dog-Train (1213).jpeg
435,Dog,Dog-Train (1492).jpeg
436,Dog,Dog-Train (190).jpeg
437,Dog,Dog-Train (1170).jpeg
438,Dog,Dog-Train (818).jpeg
439,Dog,Dog-Train (2).jpeg
440,Dog,Dog-Train (520).jpeg
441,Dog,Dog-Train (871).jpeg
442,Dog,Dog-Train (523).jpeg
443,Dog,Dog-Train (627).jpeg
444,Dog,Dog-Train (703).jpeg
445,Dog,Dog-Train (919).jpeg
446,Dog,Dog-Train (31).jpeg
447,Dog,Dog-Train (365).jpeg
448,Dog,Dog-Train (1096).jpeg
449,Dog,Dog-Train (126).jpg
450,Dog,Dog-Train (109).jpg
451,Dog,Dog-Train (100).jpg
452,Dog,Dog-Train (62).jpg
453,Dog,Dog-Train (637).jpeg
454,Dog,Dog-Train (982).jpeg
455,Dog,Dog-Train (1570).jpeg
456,Dog,Dog-Train (1648).jpeg
457,Dog,Dog-Train (1388).jpeg
458,Dog,Dog-Train (235).jpeg
459,Dog,Dog-Train (589).jpeg
460,Dog,Dog-Train (270).jpeg
461,Dog,Dog-Train (218).jpeg
462,Dog,Dog-Train (1419).jpeg
463,Dog,Dog-Train (556).jpeg
464,Dog,Dog-Train (1594).jpeg
465,Dog,Dog-Train (1644).jpeg
466,Dog,Dog-Train (498).jpeg
467,Dog,Dog-Train (182).jpeg
468,Dog,Dog-Train (1102).jpeg
469,Dog,Dog-Train (195).jpeg
470,Dog,Dog-Train (496).jpeg
471,Dog,Dog-Train (1157).jpeg
472,Dog,Dog-Train (764).jpeg
473,Dog,Dog-Train (1242).jpeg
474,Dog,Dog-Train (689).jpeg
475,Dog,Dog-Train (745).jpeg
476,Dog,Dog-Train (10).jpg
477,Dog,Dog-Train (1195).jpeg
478,Dog,Dog-Train (644).jpeg
479,Dog,Dog-Train (1582).jpeg
480,Dog,Dog-Train (669).jpeg
481,Dog,Dog-Train (132).jpg
482,Dog,Dog-Train (175).jpeg
483,Dog,Dog-Train (22).jpg
484,Dog,Dog-Train (1116).jpeg
485,Dog,Dog-Train (195).jpg
486,Dog,Dog-Train (1181).jpeg
487,Dog,Dog-Train (478).jpeg
488,Dog,Dog-Train (904).jpeg
489,Dog,Dog-Train (346).jpeg
490,Dog,Dog-Train (24).jpg
491,Dog,Dog-Train (718).jpeg
492,Dog,Dog-Train (394).jpeg
493,Dog,Dog-Train (908).jpeg
494,Dog,Dog-Train (862).jpeg
495,Dog,Dog-Train (1144).jpeg
496,Dog,Dog-Train (705).jpeg
497,Dog,Dog-Train (1327).jpeg
498,Dog,Dog-Train (545).jpeg
499,Dog,Dog-Train (953).jpeg
500,Elephant,Elephant-Train (865).jpeg
501,Elephant,Elephant-Train (286).jpeg
502,Elephant,Elephant-Train (1268).jpeg
503,Elephant,Elephant-Train (1204).jpeg
504,Elephant,Elephant-Train (180).jpeg
505,Elephant,Elephant-Train (1111).jpeg
506,Elephant,Elephant-Train (94).jpeg
507,Elephant,Elephant-Train (244).jpeg
508,Elephant,Elephant-Train (841).jpeg
509,Elephant,Elephant-Train (29).jpg
510,Elephant,Elephant-Train (637).jpeg
511,Elephant,Elephant-Train (312).jpeg
512,Elephant,Elephant-Train (1087).jpeg
513,Elephant,Elephant-Train (1672).jpeg
514,Elephant,Elephant-Train (1363).jpeg
515,Elephant,Elephant-Train (1043).jpeg
516,Elephant,Elephant-Train (858).jpeg
517,Elephant,Elephant-Train (75).jpeg
518,Elephant,Elephant-Train (1638).jpeg
519,Elephant,Elephant-Train (527).jpeg
520,Elephant,Elephant-Train (1737).jpeg
521,Elephant,Elephant-Train (1912).jpeg
522,Elephant,Elephant-Train (1713).jpeg
523,Elephant,Elephant-Train (723).jpeg
524,Elephant,Elephant-Train (77).jpeg
525,Elephant,Elephant-Train (323).jpeg
526,Elephant,Elephant-Train (312).jpeg
527,Elephant,Elephant-Train (1706).jpeg
528,Elephant,Elephant-Train (1014).jpeg
529,Elephant,Elephant-Train (1819).jpeg
530,Elephant,Elephant-Train (1310).jpeg
531,Elephant,Elephant-Train (1554).jpeg
532,Elephant,Elephant-Train (1083).jpeg
533,Elephant,Elephant-Train (1539).jpeg
534,Elephant,Elephant-Train (303).jpeg
535,Elephant,Elephant-Train (550).jpeg
536,Elephant,Elephant-Train (677).jpeg
537,Elephant,Elephant-Train (132).jpeg
538,Elephant,Elephant-Train (1352).jpeg
539,Elephant,Elephant-Train (384).jpeg
540,Elephant,Elephant-Train (57).jpeg
541,Elephant,Elephant-Train (1574).jpeg
542,Elephant,Elephant-Train (973).jpeg
543,Elephant,Elephant-Train (1842).jpeg
544,Elephant,Elephant-Train (1554).jpeg
545,Elephant,Elephant-Train (228).jpeg
546,Elephant,Elephant-Train (364).jpeg
547,Elephant,Elephant-Train (1058).jpeg
548,Elephant,Elephant-Train (1474).jpeg
549,Elephant,Elephant-Train (1759).jpeg
550,Elephant,Elephant-Train (521).jpeg
551,Elephant,Elephant-Train (996).jpeg
552,Elephant,Elephant-Train (1867).jpeg
553,Elephant,Elephant-Train (1614).jpeg
554,Elephant,Elephant-Train (1401).jpeg
555,Elephant,Elephant-Train (1136).jpeg
556,Elephant,Elephant-Train (373).jpeg
557,Elephant,Elephant-Train (756).jpeg
558,Elephant,Elephant-Train (42).jpg
559,Elephant,Elephant-Train (82).jpeg
560,Elephant,Elephant-Train (1120).jpeg
561,Elephant,Elephant-Train (814).jpeg
562,Elephant,Elephant-Train (1244).jpeg
563,Elephant,Elephant-Train (1841).jpeg
564,Elephant,Elephant-Train (556).jpeg
565,Elephant,Elephant-Train (878).jpeg
566,Elephant,Elephant-Train (42).jpg
567,Elephant,Elephant-Train (479).jpeg
568,Elephant,Elephant-Train (1777).jpeg
569,Elephant,Elephant-Train (769).jpeg
570,Elephant,Elephant-Train (85).jpeg
571,Elephant,Elephant-Train (384).jpeg
572,Elephant,Elephant-Train (659).jpeg
573,Elephant,Elephant-Train (197).jpeg
574,Elephant,Elephant-Train (780).jpeg
575,Elephant,Elephant-Train (1624).jpeg
576,Elephant,Elephant-Train (46).jpeg
577,Elephant,Elephant-Train (755).jpeg
578,Elephant,Elephant-Train (364).jpeg
579,Elephant,Elephant-Train (1019).jpeg
580,Elephant,Elephant-Train (101).jpeg
581,Elephant,Elephant-Train (845).jpeg
582,Elephant,Elephant-Train (1071).jpeg
583,Elephant,Elephant-Train (1931).jpeg
584,Elephant,Elephant-Train (1575).jpeg
585,Elephant,Elephant-Train (624).jpeg
586,Elephant,Elephant-Train (1495).jpeg
587,Elephant,Elephant-Train (1154).jpeg
588,Elephant,Elephant-Train (1788).jpeg
589,Elephant,Elephant-Train (143).jpeg
590,Elephant,Elephant-Train (1641).jpeg
591,Elephant,Elephant-Train (1112).jpeg
592,Elephant,Elephant-Train (1138).jpeg
593,Elephant,Elephant-Train (832).jpeg
594,Elephant,Elephant-Train (1758).jpeg
595,Elephant,Elephant-Train (951).jpeg
596,Elephant,Elephant-Train (104).jpeg
597,Elephant,Elephant-Train (779).jpeg
598,Elephant,Elephant-Train (1138).jpeg
599,Elephant,Elephant-Train (863).jpeg
600,Gorilla,Gorilla (124).jpeg
601,Gorilla,Gorilla (2033).jpeg
602,Gorilla,Gorilla (1674).jpeg
603,Gorilla,Gorilla (267).jpeg
604,Gorilla,Gorilla (913).jpeg
605,Gorilla,Gorilla (936).jpeg
606,Gorilla,Gorilla (1843).jpeg
607,Gorilla,Gorilla (1440).jpeg
608,Gorilla,Gorilla (1041).jpeg
609,Gorilla,Gorilla (2005).jpeg
610,Gorilla,Gorilla (1097).jpeg
611,Gorilla,Gorilla (413).jpeg
612,Gorilla,Gorilla (1032).jpeg
613,Gorilla,Gorilla (1573).jpeg
614,Gorilla,Gorilla (1898).jpeg
615,Gorilla,Gorilla (1213).jpeg
616,Gorilla,Gorilla (1139).jpeg
617,Gorilla,Gorilla (894).jpeg
618,Gorilla,Gorilla (22).jpeg
619,Gorilla,Gorilla (151).jpeg
620,Gorilla,Gorilla (1754).jpeg
621,Gorilla,Gorilla (670).jpeg
622,Gorilla,Gorilla (1853).jpeg
623,Gorilla,Gorilla (257).jpeg
624,Gorilla,Gorilla (1102).jpeg
625,Gorilla,Gorilla (606).jpeg
626,Gorilla,Gorilla (1456).jpeg
627,Gorilla,Gorilla (1549).jpeg
628,Gorilla,Gorilla (822).jpeg
629,Gorilla,Gorilla (437).jpeg
630,Gorilla,Gorilla (394).jpeg
631,Gorilla,Gorilla (334).jpeg
632,Gorilla,Gorilla (338).jpeg
633,Gorilla,Gorilla (2067).jpeg
634,Gorilla,Gorilla (1678).jpeg
635,Gorilla,Gorilla (190).jpeg
636,Gorilla,Gorilla (408).jpeg
637,Gorilla,Gorilla (232).jpeg
638,Gorilla,Gorilla (1002).jpeg
639,Gorilla,Gorilla (1808).jpeg
640,Gorilla,Gorilla (747).jpeg
641,Gorilla,Gorilla (750).jpeg
642,Gorilla,Gorilla (908).jpeg
643,Gorilla,Gorilla (1131).jpeg
644,Gorilla,Gorilla (1091).jpeg
645,Gorilla,Gorilla (1825).jpeg
646,Gorilla,Gorilla (556).jpeg
647,Gorilla,Gorilla (357).jpeg
648,Gorilla,Gorilla (910).jpeg
649,Gorilla,Gorilla (711).jpeg
650,Gorilla,Gorilla (1952).jpeg
651,Gorilla,Gorilla (1734).jpeg
652,Gorilla,Gorilla (1399).jpeg
653,Gorilla,Gorilla (1045).jpeg
654,Gorilla,Gorilla (674).jpeg
655,Gorilla,Gorilla (1447).jpeg
656,Gorilla,Gorilla (840).jpeg
657,Gorilla,Gorilla (2058).jpeg
658,Gorilla,Gorilla (1011).jpeg
659,Gorilla,Gorilla (160).jpeg
660,Gorilla,Gorilla (1468).jpeg
661,Gorilla,Gorilla (1086).jpeg
662,Gorilla,Gorilla (2037).jpeg
663,Gorilla,Gorilla (1285).jpeg
664,Gorilla,Gorilla (563).jpeg
665,Gorilla,Gorilla (2073).jpeg
666,Gorilla,Gorilla (1671).jpeg
667,Gorilla,Gorilla (1886).jpeg
668,Gorilla,Gorilla (966).jpeg
669,Gorilla,Gorilla (192).jpeg
670,Gorilla,Gorilla (830).jpeg
671,Gorilla,Gorilla (1869).jpeg
672,Gorilla,Gorilla (720).jpeg
673,Gorilla,Gorilla (443).jpeg
674,Gorilla,Gorilla (96).jpeg
675,Gorilla,Gorilla (1987).jpeg
676,Gorilla,Gorilla (263).jpeg
677,Gorilla,Gorilla (421).jpeg
678,Gorilla,Gorilla (531).jpeg
679,Gorilla,Gorilla (90).jpeg
680,Gorilla,Gorilla (545).jpeg
681,Gorilla,Gorilla (570).jpeg
682,Gorilla,Gorilla (1254).jpeg
683,Gorilla,Gorilla (695).jpeg
684,Gorilla,Gorilla (1999).jpeg
685,Gorilla,Gorilla (730).jpeg
686,Gorilla,Gorilla (655).jpeg
687,Gorilla,Gorilla (1920).jpeg
688,Gorilla,Gorilla (461).jpeg
689,Gorilla,Gorilla (1503).jpeg
690,Gorilla,Gorilla (2067).jpeg
691,Gorilla,Gorilla (1433).jpeg
692,Gorilla,Gorilla (184).jpeg
693,Gorilla,Gorilla (1671).jpeg
694,Gorilla,Gorilla (1584).jpeg
695,Gorilla,Gorilla (1534).jpeg
696,Gorilla,Gorilla (572).jpeg
697,Gorilla,Gorilla (1192).jpeg
698,Gorilla,Gorilla (849).jpeg
699,Gorilla,Gorilla (1845).jpeg
700,Hippo,Hippo - Train (904).jpeg
701,Hippo,Hippo - Train (1325).jpeg
702,Hippo,Hippo - Train (778).jpeg
703,Hippo,Hippo - Train (1536).jpeg
704,Hippo,Hippo - Train (1985).jpeg
705,Hippo,Hippo - Train (1111).jpeg
706,Hippo,Hippo - Train (1216).jpeg
707,Hippo,Hippo - Train (1030).jpeg
708,Hippo,Hippo - Train (83).jpeg
709,Hippo,Hippo - Train (1561).jpeg
710,Hippo,Hippo - Train (947).jpeg
711,Hippo,Hippo - Train (1451).jpeg
712,Hippo,Hippo - Train (1896).jpeg
713,Hippo,Hippo - Train (855).jpeg
714,Hippo,Hippo - Train (1853).jpeg
715,Hippo,Hippo - Train (721).jpeg
716,Hippo,Hippo - Train (1324).jpeg
717,Hippo,Hippo - Train (1072).jpeg
718,Hippo,Hippo - Train (483).jpeg
719,Hippo,Hippo - Train (1049).jpeg
720,Hippo,Hippo - Train (1348).jpeg
721,Hippo,Hippo - Train (56).jpeg
722,Hippo,Hippo - Train (1876).jpeg
723,Hippo,Hippo - Train (735).jpeg
724,Hippo,Hippo - Train (1738).jpeg
725,Hippo,Hippo - Train (1814).jpeg
726,Hippo,Hippo - Train (1369).jpeg
727,Hippo,Hippo - Train (1398).jpeg
728,Hippo,Hippo - Train (878).jpeg
729,Hippo,Hippo - Train (1061).jpeg
730,Hippo,Hippo - Train (831).jpeg
731,Hippo,Hippo - Train (1273).jpeg
732,Hippo,Hippo - Train (400).jpeg
733,Hippo,Hippo - Train (565).jpeg
734,Hippo,Hippo - Train (530).jpeg
735,Hippo,Hippo - Train (944).jpeg
736,Hippo,Hippo - Train (368).jpeg
737,Hippo,Hippo - Train (1525).jpeg
738,Hippo,Hippo - Train (1735).jpeg
739,Hippo,Hippo - Train (1104).jpeg
740,Hippo,Hippo - Train (1094).jpeg
741,Hippo,Hippo - Train (1158).jpeg
742,Hippo,Hippo - Train (1073).jpeg
743,Hippo,Hippo - Train (1566).jpeg
744,Hippo,Hippo - Train (1701).jpeg
745,Hippo,Hippo - Train (1853).jpeg
746,Hippo,Hippo - Train (395).jpeg
747,Hippo,Hippo - Train (370).jpeg
748,Hippo,Hippo - Train (355).jpeg
749,Hippo,Hippo - Train (188).jpeg
750,Hippo,Hippo - Train (1435).jpeg
751,Hippo,Hippo - Train (1626).jpeg
752,Hippo,Hippo - Train (229).jpeg
753,Hippo,Hippo - Train (528).jpeg
754,Hippo,Hippo - Train (1413).jpeg
755,Hippo,Hippo - Train (1498).jpeg
756,Hippo,Hippo - Train (1273).jpeg
757,Hippo,Hippo - Train (437).jpeg
758,Hippo,Hippo - Train (1422).jpeg
759,Hippo,Hippo - Train (386).jpeg
760,Hippo,Hippo - Train (1133).jpeg
761,Hippo,Hippo - Train (914).jpeg
762,Hippo,Hippo - Train (186).jpeg
763,Hippo,Hippo - Train (403).jpeg
764,Hippo,Hippo - Train (941).jpeg
765,Hippo,Hippo - Train (60).jpeg
766,Hippo,Hippo - Train (1044).jpeg
767,Hippo,Hippo - Train (625).jpeg
768,Hippo,Hippo - Train (967).jpeg
769,Hippo,Hippo - Train (954).jpeg
770,Hippo,Hippo - Train (60).jpeg
771,Hippo,Hippo - Train (1169).jpeg
772,Hippo,Hippo - Train (1345).jpeg
773,Hippo,Hippo - Train (460).jpeg
774,Hippo,Hippo - Train (1190).jpeg
775,Hippo,Hippo - Train (1772).jpeg
776,Hippo,Hippo - Train (343).jpeg
777,Hippo,Hippo - Train (1809).jpeg
778,Hippo,Hippo - Train (1437).jpeg
779,Hippo,Hippo - Train (1063).jpeg
780,Hippo,Hippo - Train (128).jpeg
781,Hippo,Hippo - Train (978).jpeg
782,Hippo,Hippo - Train (1603).jpeg
783,Hippo,Hippo - Train (575).jpeg
784,Hippo,Hippo - Train (210).jpeg
785,Hippo,Hippo - Train (615).jpeg
786,Hippo,Hippo - Train (1784).jpeg
787,Hippo,Hippo - Train (405).jpeg
788,Hippo,Hippo - Train (1849).jpeg
789,Hippo,Hippo - Train (79).jpeg
790,Hippo,Hippo - Train (1781).jpeg
791,Hippo,Hippo - Train (381).jpeg
792,Hippo,Hippo - Train (1450).jpeg
793,Hippo,Hippo - Train (1177).jpeg
794,Hippo,Hippo - Train (867).jpeg
795,Hippo,Hippo - Train (897).jpeg
796,Hippo,Hippo - Train (958).jpeg
797,Hippo,Hippo - Train (1493).jpeg
798,Hippo,Hippo - Train (1029).jpeg
799,Hippo,Hippo - Train (1952).jpeg
800,Lizard,Lizard-Train (388).jpg
801,Lizard,Lizard-Train (669).jpg
802,Lizard,Lizard-Train (309).jpeg
803,Lizard,Lizard-Train (382).jpg
804,Lizard,Lizard-Train (25).jpeg
805,Lizard,Lizard-Train (847).jpeg
806,Lizard,Lizard-Train (188).jpeg
807,Lizard,Lizard-Train (748).jpeg
808,Lizard,Lizard-Train (819).jpeg
809,Lizard,Lizard-Train (9).jpeg
810,Lizard,Lizard-Train (856).jpg
811,Lizard,Lizard-Train (594).jpg
812,Lizard,Lizard-Train (613).jpg
813,Lizard,Lizard-Train (264).jpeg
814,Lizard,Lizard-Train (906).jpg
815,Lizard,Lizard-Train (518).jpg
816,Lizard,Lizard-Train (540).jpeg
817,Lizard,Lizard-Train (987).jpg
818,Lizard,Lizard-Train (333).jpg
819,Lizard,Lizard-Train (827).jpeg
820,Lizard,Lizard-Train (899).jpg
821,Lizard,Lizard-Train (456).jpg
822,Lizard,Lizard-Train (280).jpeg
823,Lizard,Lizard-Train (970).jpg
824,Lizard,Lizard-Train (87).jpeg
825,Lizard,Lizard-Train (536).jpg
826,Lizard,Lizard-Train (849).jpeg
827,Lizard,Lizard-Train (306).jpeg
828,Lizard,Lizard-Train (416).jpeg
829,Lizard,Lizard-Train (629).jpg
830,Lizard,Lizard-Train (799).jpg
831,Lizard,Lizard-Train (104).jpeg
832,Lizard,Lizard-Train (211).jpeg
833,Lizard,Lizard-Train (339).jpeg
834,Lizard,Lizard-Train (595).jpg
835,Lizard,Lizard-Train (338).jpg
836,Lizard,Lizard-Train (308).jpeg
837,Lizard,Lizard-Train (181).jpg
838,Lizard,Lizard-Train (1020).jpg
839,Lizard,Lizard-Train (752).jpeg
840,Lizard,Lizard-Train (838).jpg
841,Lizard,Lizard-Train (165).jpg
842,Lizard,Lizard-Train (184).jpeg
843,Lizard,Lizard-Train (489).jpg
844,Lizard,Lizard-Train (20).jpeg
845,Lizard,Lizard-Train (231).jpg
846,Lizard,Lizard-Train (945).jpeg
847,Lizard,Lizard-Train (543).jpeg
848,Lizard,Lizard-Train (715).jpeg
849,Lizard,Lizard-Train (929).jpg
850,Lizard,Lizard-Train (895).jpeg
851,Lizard,Lizard-Train (59).jpg
852,Lizard,Lizard-Train (56).jpg
853,Lizard,Lizard-Train (632).jpeg
854,Lizard,Lizard-Train (460).jpg
855,Lizard,Lizard-Train (59).jpg
856,Lizard,Lizard-Train (198).jpg
857,Lizard,Lizard-Train (420).jpg
858,Lizard,Lizard-Train (581).jpeg
859,Lizard,Lizard-Train (947).jpeg
860,Lizard,Lizard-Train (230).jpg
861,Lizard,Lizard-Train (801).jpeg
862,Lizard,Lizard-Train (102).jpeg
863,Lizard,Lizard-Train (246).jpg
864,Lizard,Lizard-Train (161).jpeg
865,Lizard,Lizard-Train (653).jpeg
866,Lizard,Lizard-Train (4).jpeg
867,Lizard,Lizard-Train (276).jpg
868,Lizard,Lizard-Train (290).jpeg
869,Lizard,Lizard-Train (282).jpeg
870,Lizard,Lizard-Train (255).jpeg
871,Lizard,Lizard-Train (721).jpg
872,Lizard,Lizard-Train (376).jpg
873,Lizard,Lizard-Train (211).jpeg
874,Lizard,Lizard-Train (494).jpeg
875,Lizard,Lizard-Train (653).jpg
876,Lizard,Lizard-Train (255).jpg
877,Lizard,Lizard-Train (837).jpg
878,Lizard,Lizard-Train (308).jpg
879,Lizard,Lizard-Train (538).jpeg
880,Lizard,Lizard-Train (323).jpeg
881,Lizard,Lizard-Train (896).jpg
882,Lizard,Lizard-Train (995).jpg
883,Lizard,Lizard-Train (613).jpeg
884,Lizard,Lizard-Train (70).jpeg
885,Lizard,Lizard-Train (49).jpg
886,Lizard,Lizard-Train (18).jpeg
887,Lizard,Lizard-Train (116).jpeg
888,Lizard,Lizard-Train (262).jpg
889,Lizard,Lizard-Train (642).jpg
890,Lizard,Lizard-Train (443).jpeg
891,Lizard,Lizard-Train (299).jpg
892,Lizard,Lizard-Train (25).jpg
893,Lizard,Lizard-Train (612).jpg
894,Lizard,Lizard-Train (818).jpeg
895,Lizard,Lizard-Train (821).jpg
896,Lizard,Lizard-Train (90).jpeg
897,Lizard,Lizard-Train (796).jpeg
898,Lizard,Lizard-Train (628).jpg
899,Lizard,Lizard-Train (389).jpeg
900,Monkey,VM (471).jpeg
901,Monkey,HM (140).jpeg
902,Monkey,Monkey (512).jpeg
903,Monkey,M (224).jpeg
904,Monkey,WFS (1457).jpeg
905,Monkey,VM (371).jpeg
906,Monkey,WFS (1371).jpeg
907,Monkey,M (230).jpeg
908,Monkey,HM (156).jpeg
909,Monkey,Monkey (359).jpeg
910,Monkey,Monkey (450).jpeg
911,Monkey,Monkey (150).jpeg
912,Monkey,WFS (1349).jpeg
913,Monkey,Monkey (2).jpg
914,Monkey,M (236).jpeg
915,Monkey,Monkey (827).jpeg
916,Monkey,VM (243).jpeg
917,Monkey,M (65).jpg
918,Monkey,Monkey (211).jpeg
919,Monkey,Monkey (410).jpeg
920,Monkey,WFS (1512).jpeg
921,Monkey,M (76).jpeg
922,Monkey,Monkey (500).jpeg
923,Monkey,Monkey (711).jpeg
924,Monkey,WFS (1326).jpeg
925,Monkey,Monkey (669).jpeg
926,Monkey,Monkey (584).jpeg
927,Monkey,M (241).jpeg
928,Monkey,Monkey (4).jpeg
929,Monkey,Monkey (119).jpeg
930,Monkey,M (125).jpeg
931,Monkey,Monkey (590).jpeg
932,Monkey,HM (33).jpeg
933,Monkey,M (241).jpeg
934,Monkey,VM (388).jpeg
935,Monkey,VM (387).jpeg
936,Monkey,Monkey (123).jpeg
937,Monkey,Monkey (517).jpeg
938,Monkey,Monkey (479).jpeg
939,Monkey,VM (480).jpeg
940,Monkey,HM (165).jpeg
941,Monkey,WFS (1525).jpeg
942,Monkey,WFS (1444).jpeg
943,Monkey,Monkey (37).jpeg
944,Monkey,Monkey (966).jpeg
945,Monkey,WFS (1387).jpeg
946,Monkey,Monkey (341).jpeg
947,Monkey,WFS (1484).jpeg
948,Monkey,WFS (1482).jpeg
949,Monkey,Monkey (249).jpeg
950,Monkey,M (199).jpeg
951,Monkey,Monkey (727).jpeg
952,Monkey,WFS (1370).jpeg
953,Monkey,Monkey (990).jpeg
954,Monkey,WFS (1566).jpeg
955,Monkey,Monkey (124).jpeg
956,Monkey,WFS (1366).jpeg
957,Monkey,M (61).jpeg
958,Monkey,WFS (1517).jpeg
959,Monkey,WFS (1498).jpeg
960,Monkey,Monkey (593).jpeg
961,Monkey,Monkey (278).jpeg
962,Monkey,WFS (1369).jpeg
963,Monkey,VM (432).jpeg
964,Monkey,WFS (1376).jpeg
965,Monkey,M (55).jpg
966,Monkey,M (53).jpeg
967,Monkey,Monkey (857).jpeg
968,Monkey,Monkey (881).jpeg
969,Monkey,Monkey (409).jpeg
970,Monkey,VM (262).jpeg
971,Monkey,WFS (1341).jpeg
972,Monkey,VM (289).jpeg
973,Monkey,Monkey (590).jpeg
974,Monkey,VM (361).jpeg
975,Monkey,Monkey (222).jpeg
976,Monkey,HM (64).jpeg
977,Monkey,VM (276).jpeg
978,Monkey,Monkey (804).jpeg
979,Monkey,Monkey (58).jpeg
980,Monkey,WFS (1520).jpeg
981,Monkey,VM (243).jpeg
982,Monkey,Monkey (853).jpeg
983,Monkey,VM (215).jpeg
984,Monkey,Monkey (576).jpeg
985,Monkey,Monkey (396).jpeg
986,Monkey,VM (411).jpeg
987,Monkey,Monkey (82).jpeg
988,Monkey,HM (69).jpeg
989,Monkey,Monkey (409).jpeg
990,Monkey,Monkey (966).jpeg
991,Monkey,Monkey (475).jpeg
992,Monkey,VM (334).jpeg
993,Monkey,VM (479).jpeg
994,Monkey,VM (480).jpeg
995,Monkey,Monkey (886).jpeg
996,Monkey,WFS (1360).jpeg
997,Monkey,HM (138).jpeg
998,Monkey,VM (330).jpeg
999,Monkey,Monkey (137).jpeg
1000,Mouse,Mouse-Train (1728).jpeg
1001,Mouse,Mouse-Train (993).jpeg
1002,Mouse,Mouse-Train (1915).jpeg
1003,Mouse,Mouse-Train (1332).jpeg
1004,Mouse,Mouse-Train (1411).jpeg
1005,Mouse,Mouse-Train (1576).jpeg
1006,Mouse,Mouse-Train (726).jpeg
1007,Mouse,Mouse-Train (1231).jpeg
1008,Mouse,Mouse-Train (389).jpeg
1009,Mouse,Mouse-Train (1225).jpeg
1010,Mouse,Mouse-Train (504).jpeg
1011,Mouse,Mouse-Train (892).jpeg
1012,Mouse,Mouse-Train (1833).jpeg
1013,Mouse,Mouse-Train (720).jpeg
1014,Mouse,Mouse-Train (258).jpeg
1015,Mouse,Mouse-Train (1235).jpeg
1016,Mouse,Mouse-Train (1915).jpeg
1017,Mouse,Mouse-Train (567).jpeg
1018,Mouse,Mouse-Train (1347).jpeg
1019,Mouse,Mouse-Train (1024).jpeg
1020,Mouse,Mouse-Train (1351).jpeg
1021,Mouse,Mouse-Train (140).jpeg
1022,Mouse,Mouse-Train (406).jpeg
1023,Mouse,Mouse-Train (391).jpeg
1024,Mouse,Mouse-Train (1222).jpeg
1025,Mouse,Mouse-Train (57).jpeg
1026,Mouse,Mouse-Train (78).jpeg
1027,Mouse,Mouse-Train (79).jpg
1028,Mouse,Mouse-Train (623).jpeg
1029,Mouse,Mouse-Train (873).jpeg
1030,Mouse,Mouse-Train (1849).jpeg
1031,Mouse,Mouse-Train (929).jpeg
1032,Mouse,Mouse-Train (800).jpeg
1033,Mouse,Mouse-Train (819).jpeg
1034,Mouse,Mouse-Train (929).jpeg
1035,Mouse,Mouse-Train (306).jpeg
1036,Mouse,Mouse-Train (276).jpeg
1037,Mouse,Mouse-Train (1773).jpeg
1038,Mouse,Mouse-Train (1016).jpeg
1039,Mouse,Mouse-Train (1239).jpeg
1040,Mouse,Mouse-Train (1139).jpeg
1041,Mouse,Mouse-Train (1575).jpeg
1042,Mouse,Mouse-Train (669).jpeg
1043,Mouse,Mouse-Train (1383).jpeg
1044,Mouse,Mouse-Train (916).jpeg
1045,Mouse,Mouse-Train (384).jpeg
1046,Mouse,Mouse-Train (42).jpg
1047,Mouse,Mouse-Train (305).jpeg
1048,Mouse,Mouse-Train (386).jpeg
1049,Mouse,Mouse-Train (1579).jpeg
1050,Mouse,Mouse-Train (915).jpeg
1051,Mouse,Mouse-Train (1761).jpeg
1052,Mouse,Mouse-Train (970).jpeg
1053,Mouse,Mouse-Train (1915).jpeg
1054,Mouse,Mouse-Train (46).jpeg
1055,Mouse,Mouse-Train (394).jpeg
1056,Mouse,Mouse-Train (1741).jpeg
1057,Mouse,Mouse-Train (52).jpeg
1058,Mouse,Mouse-Train (377).jpeg
1059,Mouse,Mouse-Train (872).jpeg
1060,Mouse,Mouse-Train (1536).jpeg
1061,Mouse,Mouse-Train (1).jpeg
1062,Mouse,Mouse-Train (704).jpeg
1063,Mouse,Mouse-Train (657).jpeg
1064,Mouse,Mouse-Train (1429).jpeg
1065,Mouse,Mouse-Train (673).jpeg
1066,Mouse,Mouse-Train (275).jpeg
1067,Mouse,Mouse-Train (601).jpeg
1068,Mouse,Mouse-Train (454).jpeg
1069,Mouse,Mouse-Train (829).jpeg
1070,Mouse,Mouse-Train (608).jpeg
1071,Mouse,Mouse-Train (761).jpeg
1072,Mouse,Mouse-Train (1511).jpeg
1073,Mouse,Mouse-Train (652).jpeg
1074,Mouse,Mouse-Train (886).jpeg
1075,Mouse,Mouse-Train (1163).jpeg
1076,Mouse,Mouse-Train (432).jpeg
1077,Mouse,Mouse-Train (1172).jpeg
1078,Mouse,Mouse-Train (886).jpeg
1079,Mouse,Mouse-Train (1225).jpeg
1080,Mouse,Mouse-Train (1333).jpeg
1081,Mouse,Mouse-Train (249).jpeg
1082,Mouse,Mouse-Train (1436).jpeg
1083,Mouse,Mouse-Train (351).jpeg
1084,Mouse,Mouse-Train (1765).jpeg
1085,Mouse,Mouse-Train (1591).jpeg
1086,Mouse,Mouse-Train (1016).jpeg
1087,Mouse,Mouse-Train (1254).jpeg
1088,Mouse,Mouse-Train (567).jpeg
1089,Mouse,Mouse-Train (85).jpeg
1090,Mouse,Mouse-Train (587).jpeg
1091,Mouse,Mouse-Train (578).jpeg
1092,Mouse,Mouse-Train (439).jpeg
1093,Mouse,Mouse-Train (802).jpeg
1094,Mouse,Mouse-Train (1629).jpeg
1095,Mouse,Mouse-Train (1284).jpeg
1096,Mouse,Mouse-Train (1719).jpeg
1097,Mouse,Mouse-Train (1201).jpeg
1098,Mouse,Mouse-Train (1036).jpeg
1099,Mouse,Mouse-Train (888).jpeg
1100,Panda,Panda (3670).jpeg
1101,Panda,Panda (2170).jpeg
1102,Panda,Panda (2386).jpeg
1103,Panda,Panda (2277).jpeg
1104,Panda,Panda (3305).jpeg
1105,Panda,Panda (2308).jpeg
1106,Panda,Panda (3432).jpeg
1107,Panda,Panda (1937).jpeg
1108,Panda,Panda (2560).jpeg
1109,Panda,Panda (1893).jpeg
1110,Panda,Panda (2181).jpeg
1111,Panda,Panda (1910).jpeg
1112,Panda,Panda (2889).jpeg
1113,Panda,Panda (2030).jpeg
1114,Panda,Panda (3719).jpeg
1115,Panda,Panda (2400).jpeg
1116,Panda,Panda (2179).jpeg
1117,Panda,Panda (3079).jpeg
1118,Panda,Panda (1978).jpeg
1119,Panda,Panda (3447).jpeg
1120,Panda,Panda (3797).jpeg
1121,Panda,Panda (3800).jpeg
1122,Panda,Panda (2141).jpeg
1123,Panda,Panda (2652).jpeg
1124,Panda,Panda (3770).jpeg
1125,Panda,Panda (3754).jpeg
1126,Panda,Panda (2292).jpeg
1127,Panda,Panda (3385).jpeg
1128,Panda,Panda (3610).jpeg
1129,Panda,Panda (3479).jpeg
1130,Panda,Panda (3108).jpeg
1131,Panda,Panda (3753).jpeg
1132,Panda,Panda (2846).jpeg
1133,Panda,Panda (3857).jpeg
1134,Panda,Panda (3387).jpeg
1135,Panda,Panda (2844).jpeg
1136,Panda,Panda (2133).jpeg
1137,Panda,Panda (2054).jpeg
1138,Panda,Panda (3049).jpeg
1139,Panda,Panda (2226).jpeg
1140,Panda,Panda (2596).jpeg
1141,Panda,Panda (3345).jpeg
1142,Panda,Panda (3393).jpeg
1143,Panda,Panda (3816).jpeg
1144,Panda,Panda (2104).jpeg
1145,Panda,Panda (1990).jpeg
1146,Panda,Panda (2457).jpeg
1147,Panda,Panda (2599).jpeg
1148,Panda,Panda (1992).jpeg
1149,Panda,Panda (2915).jpeg
1150,Panda,Panda (2417).jpeg
1151,Panda,Panda (3396).jpeg
1152,Panda,Panda (3371).jpeg
1153,Panda,Panda (2291).jpeg
1154,Panda,Panda (2548).jpeg
1155,Panda,Panda (2844).jpeg
1156,Panda,Panda (2267).jpeg
1157,Panda,Panda (3540).jpeg
1158,Panda,Panda (2151).jpeg
1159,Panda,Panda (3023).jpeg
1160,Panda,Panda (3462).jpeg
1161,Panda,Panda (2877).jpeg
1162,Panda,Panda (2944).jpeg
1163,Panda,Panda (2593).jpeg
1164,Panda,Panda (3020).jpeg
1165,Panda,Panda (2892).jpeg
1166,Panda,Panda (2398).jpeg
1167,Panda,Panda (2396).jpeg
1168,Panda,Panda (2495).jpeg
1169,Panda,Panda (2593).jpeg
1170,Panda,Panda (2888).jpeg
1171,Panda,Panda (3338).jpeg
1172,Panda,Panda (3273).jpeg
1173,Panda,Panda (2151).jpeg
1174,Panda,Panda (3794).jpeg
1175,Panda,Panda (2936).jpeg
1176,Panda,Panda (2032).jpeg
1177,Panda,Panda (2687).jpeg
1178,Panda,Panda (1899).jpeg
1179,Panda,Panda (2140).jpeg
1180,Panda,Panda (2249).jpeg
1181,Panda,Panda (2538).jpeg
1182,Panda,Panda (3003).jpeg
1183,Panda,Panda (2727).jpeg
1184,Panda,Panda (2612).jpeg
1185,Panda,Panda (2701).jpeg
1186,Panda,Panda (2571).jpeg
1187,Panda,Panda (3778).jpeg
1188,Panda,Panda (3015).jpeg
1189,Panda,Panda (2343).jpeg
1190,Panda,Panda (2894).jpeg
1191,Panda,Panda (2338).jpeg
1192,Panda,Panda (3590).jpeg
1193,Panda,Panda (2408).jpeg
1194,Panda,Panda (2548).jpeg
1195,Panda,Panda (3704).jpeg
1196,Panda,Panda (1898).jpeg
1197,Panda,Panda (3331).jpeg
1198,Panda,Panda (2167).jpeg
1199,Panda,Panda (2841).jpeg
1200,Spider,Spider-Train (801).jpeg
1201,Spider,Spider-Train (1282).jpeg
1202,Spider,Spider-Train (1218).jpeg
1203,Spider,Spider-Train (19).jpg
1204,Spider,Spider-Train (1670).jpeg
1205,Spider,Spider-Train (1908).jpeg
1206,Spider,Spider-Train (1918).jpeg
1207,Spider,Spider-Train (609).jpeg
1208,Spider,Spider-Train (1091).jpeg
1209,Spider,Spider-Train (814).jpeg
1210,Spider,Spider-Train (673).jpeg
1211,Spider,Spider-Train (1553).jpeg
1212,Spider,Spider-Train (39).jpg
1213,Spider,Spider-Train (1436).jpeg
1214,Spider,Spider-Train (1868).jpeg
1215,Spider,Spider-Train (1682).jpeg
1216,Spider,Spider-Train (746).jpeg
1217,Spider,Spider-Train (604).jpeg
1218,Spider,Spider-Train (445).jpeg
1219,Spider,Spider-Train (168).jpeg
1220,Spider,Spider-Train (179).jpeg
1221,Spider,Spider-Train (841).jpeg
1222,Spider,Spider-Train (1261).jpeg
1223,Spider,Spider-Train (1481).jpeg
1224,Spider,Spider-Train (1373).jpeg
1225,Spider,Spider-Train (22).jpeg
1226,Spider,Spider-Train (1857).jpeg
1227,Spider,Spider-Train (864).jpeg
1228,Spider,Spider-Train (963).jpeg
1229,Spider,Spider-Train (286).jpeg
1230,Spider,Spider-Train (621).jpeg
1231,Spider,Spider-Train (1289).jpeg
1232,Spider,Spider-Train (554).jpeg
1233,Spider,Spider-Train (238).jpeg
1234,Spider,Spider-Train (1191).jpeg
1235,Spider,Spider-Train (233).jpeg
1236,Spider,Spider-Train (311).jpeg
1237,Spider,Spider-Train (1535).jpeg
1238,Spider,Spider-Train (635).jpeg
1239,Spider,Spider-Train (1384).jpeg
1240,Spider,Spider-Train (1764).jpeg
1241,Spider,Spider-Train (1602).jpeg
1242,Spider,Spider-Train (1425).jpeg
1243,Spider,Spider-Train (185).jpeg
1244,Spider,Spider-Train (1856).jpeg
1245,Spider,Spider-Train (1731).jpeg
1246,Spider,Spider-Train (802).jpeg
1247,Spider,Spider-Train (217).jpeg
1248,Spider,Spider-Train (1461).jpeg
1249,Spider,Spider-Train (335).jpeg
1250,Spider,Spider-Train (1365).jpeg
1251,Spider,Spider-Train (1823).jpeg
1252,Spider,Spider-Train (1510).jpeg
1253,Spider,Spider-Train (984).jpeg
1254,Spider,Spider-Train (1124).jpeg
1255,Spider,Spider-Train (1048).jpeg
1256,Spider,Spider-Train (1536).jpeg
1257,Spider,Spider-Train (209).jpeg
1258,Spider,Spider-Train (966).jpeg
1259,Spider,Spider-Train (677).jpeg
1260,Spider,Spider-Train (546).jpeg
1261,Spider,Spider-Train (1756).jpeg
1262,Spider,Spider-Train (532).jpeg
1263,Spider,Spider-Train (1628).jpeg
1264,Spider,Spider-Train (448).jpeg
1265,Spider,Spider-Train (1277).jpeg
1266,Spider,Spider-Train (945).jpeg
1267,Spider,Spider-Train (1025).jpeg
1268,Spider,Spider-Train (1569).jpeg
1269,Spider,Spider-Train (1934).jpeg
1270,Spider,Spider-Train (1718).jpeg
1271,Spider,Spider-Train (656).jpeg
1272,Spider,Spider-Train (1922).jpeg
1273,Spider,Spider-Train (1500).jpeg
1274,Spider,Spider-Train (52).jpeg
1275,Spider,Spider-Train (106).jpeg
1276,Spider,Spider-Train (1482).jpeg
1277,Spider,Spider-Train (366).jpeg
1278,Spider,Spider-Train (966).jpeg
1279,Spider,Spider-Train (1297).jpeg
1280,Spider,Spider-Train (1558).jpeg
1281,Spider,Spider-Train (484).jpeg
1282,Spider,Spider-Train (106).jpeg
1283,Spider,Spider-Train (150).jpeg
1284,Spider,Spider-Train (342).jpeg
1285,Spider,Spider-Train (1665).jpeg
1286,Spider,Spider-Train (603).jpeg
1287,Spider,Spider-Train (146).jpeg
1288,Spider,Spider-Train (240).jpeg
1289,Spider,Spider-Train (1796).jpeg
1290,Spider,Spider-Train (347).jpeg
1291,Spider,Spider-Train (1108).jpeg
1292,Spider,Spider-Train (482).jpeg
1293,Spider,Spider-Train (144).jpeg
1294,Spider,Spider-Train (175).jpeg
1295,Spider,Spider-Train (388).jpeg
1296,Spider,Spider-Train (1100).jpeg
1297,Spider,Spider-Train (623).jpeg
1298,Spider,Spider-Train (1728).jpeg
1299,Spider,Spider-Train (1320).jpeg
1300,Tiger,Tiger (331).jpeg
1301,Tiger,Tiger (624).jpeg
1302,Tiger,Tiger (1996).jpeg
1303,Tiger,Tiger (2317).jpeg
1304,Tiger,Tiger (2236).jpeg
1305,Tiger,Tiger (1781).jpeg
1306,Tiger,Tiger (1245).jpeg
1307,Tiger,Tiger (2252).jpeg
1308,Tiger,Tiger (645).jpeg
1309,Tiger,Tiger (578).jpeg
1310,Tiger,Tiger (1551).jpeg
1311,Tiger,Tiger (1067).jpeg
1312,Tiger,Tiger (2131).jpeg
1313,Tiger,Tiger (2107).jpeg
1314,Tiger,Tiger (1641).jpeg
1315,Tiger,Tiger (1380).jpeg
1316,Tiger,Tiger (2133).jpeg
1317,Tiger,Tiger (1297).jpeg
1318,Tiger,Tiger (392).jpeg
1319,Tiger,Tiger (1161).jpeg
1320,Tiger,Tiger (353).jpeg
1321,Tiger,Tiger (2026).jpeg
1322,Tiger,Tiger (527).jpeg
1323,Tiger,Tiger (2052).jpeg
1324,Tiger,Tiger (1889).jpeg
1325,Tiger,Tiger (1605).jpeg
1326,Tiger,Tiger (363).jpeg
1327,Tiger,Tiger (1174).jpeg
1328,Tiger,Tiger (856).jpeg
1329,Tiger,Tiger (1827).jpeg
1330,Tiger,Tiger (1998).jpeg
1331,Tiger,Tiger (670).jpeg
1332,Tiger,Tiger (671).jpeg
1333,Tiger,Tiger (597).jpeg
1334,Tiger,Tiger (810).jpeg
1335,Tiger,Tiger (1812).jpeg
1336,Tiger,Tiger (2101).jpeg
1337,Tiger,Tiger (2018).jpeg
1338,Tiger,Tiger (1973).jpeg
1339,Tiger,Tiger (2245).jpeg
1340,Tiger,Tiger (2053).jpeg
1341,Tiger,Tiger (952).jpeg
1342,Tiger,Tiger (1245).jpeg
1343,Tiger,Tiger (1020).jpeg
1344,Tiger,Tiger (2322).jpeg
1345,Tiger,Tiger (1590).jpeg
1346,Tiger,Tiger (1650).jpeg
1347,Tiger,Tiger (1012).jpeg
1348,Tiger,Tiger (1601).jpeg
1349,Tiger,Tiger (1878).jpeg
1350,Tiger,Tiger (619).jpeg
1351,Tiger,Tiger (1408).jpeg
1352,Tiger,Tiger (1961).jpeg
1353,Tiger,Tiger (1039).jpeg
1354,Tiger,Tiger (1838).jpeg
1355,Tiger,Tiger (1308).jpeg
1356,Tiger,Tiger (1479).jpeg
1357,Tiger,Tiger (607).jpeg
1358,Tiger,Tiger (1239).jpeg
1359,Tiger,Tiger (815).jpeg
1360,Tiger,Tiger (1911).jpeg
1361,Tiger,Tiger (671).jpeg
1362,Tiger,Tiger (427).jpeg
1363,Tiger,Tiger (1431).jpeg
1364,Tiger,Tiger (1869).jpeg
1365,Tiger,Tiger (2019).jpeg
1366,Tiger,Tiger (897).jpeg
1367,Tiger,Tiger (1377).jpeg
1368,Tiger,Tiger (2253).jpeg
1369,Tiger,Tiger (419).jpeg
1370,Tiger,Tiger (1408).jpeg
1371,Tiger,Tiger (2147).jpeg
1372,Tiger,Tiger (1764).jpeg
1373,Tiger,Tiger (1663).jpeg
1374,Tiger,Tiger (660).jpeg
1375,Tiger,Tiger (1967).jpeg
1376,Tiger,Tiger (866).jpeg
1377,Tiger,Tiger (1188).jpeg
1378,Tiger,Tiger (1208).jpeg
1379,Tiger,Tiger (645).jpeg
1380,Tiger,Tiger (1363).jpeg
1381,Tiger,Tiger (347).jpeg
1382,Tiger,Tiger (2096).jpeg
1383,Tiger,Tiger (908).jpeg
1384,Tiger,Tiger (1611).jpeg
1385,Tiger,Tiger (1195).jpeg
1386,Tiger,Tiger (1018).jpeg
1387,Tiger,Tiger (1289).jpeg
1388,Tiger,Tiger (2162).jpeg
1389,Tiger,Tiger (1187).jpeg
1390,Tiger,Tiger (846).jpeg
1391,Tiger,Tiger (779).jpeg
1392,Tiger,Tiger (970).jpeg
1393,Tiger,Tiger (1397).jpeg
1394,Tiger,Tiger (1107).jpeg
1395,Tiger,Tiger (602).jpeg
1396,Tiger,Tiger (1193).jpeg
1397,Tiger,Tiger (832).jpeg
1398,Tiger,Tiger (680).jpeg
1399,Tiger,Tiger (2301).jpeg
1400,Zebra,Zebra (1575).jpeg
1401,Zebra,Zebra (1240).jpeg
1402,Zebra,Zebra (1300).jpeg
1403,Zebra,Zebra (149).jpeg
1404,Zebra,Zebra (1827).jpeg
1405,Zebra,Zebra (1037).jpeg
1406,Zebra,Zebra (371).jpeg
1407,Zebra,Zebra (914).jpeg
1408,Zebra,Zebra (1457).jpeg
1409,Zebra,Zebra (430).jpeg
1410,Zebra,Zebra (1668).jpeg
1411,Zebra,Zebra (128).jpeg
1412,Zebra,Zebra (1628).jpeg
1413,Zebra,Zebra (648).jpeg
1414,Zebra,Zebra (553).jpeg
1415,Zebra,Zebra (611).jpeg
1416,Zebra,Zebra (1151).jpeg
1417,Zebra,Zebra (814).jpeg
1418,Zebra,Zebra (1944).jpeg
1419,Zebra,Zebra (1080).jpeg
1420,Zebra,Zebra (1362).jpeg
1421,Zebra,Zebra (333).jpeg
1422,Zebra,Zebra (610).jpeg
1423,Zebra,Zebra (674).jpeg
1424,Zebra,Zebra (652).jpeg
1425,Zebra,Zebra (1227).jpeg
1426,Zebra,Zebra (1872).jpeg
1427,Zebra,Zebra (1879).jpeg
1428,Zebra,Zebra (392).jpeg
1429,Zebra,Zebra (1441).jpeg
1430,Zebra,Zebra (867).jpeg
1431,Zebra,Zebra (1004).jpeg
1432,Zebra,Zebra (1619).jpeg
1433,Zebra,Zebra (1582).jpeg
1434,Zebra,Zebra (154).jpeg
1435,Zebra,Zebra (1307).jpeg
1436,Zebra,Zebra (1362).jpeg
1437,Zebra,Zebra (546).jpeg
1438,Zebra,Zebra (1309).jpeg
1439,Zebra,Zebra (1935).jpeg
1440,Zebra,Zebra (1645).jpeg
1441,Zebra,Zebra (1228).jpeg
1442,Zebra,Zebra (592).jpeg
1443,Zebra,Zebra (765).jpeg
1444,Zebra,Zebra (225).jpeg
1445,Zebra,Zebra (1283).jpeg
1446,Zebra,Zebra (775).jpeg
1447,Zebra,Zebra (129).jpeg
1448,Zebra,Zebra (1081).jpeg
1449,Zebra,Zebra (633).jpeg
1450,Zebra,Zebra (191).jpeg
1451,Zebra,Zebra (301).jpeg
1452,Zebra,Zebra (1367).jpeg
1453,Zebra,Zebra (835).jpeg
1454,Zebra,Zebra (489).jpeg
1455,Zebra,Zebra (1773).jpeg
1456,Zebra,Zebra (158).jpeg
1457,Zebra,Zebra (1439).jpeg
1458,Zebra,Zebra (850).jpeg
1459,Zebra,Zebra (1520).jpeg
1460,Zebra,Zebra (1517).jpeg
1461,Zebra,Zebra (211).jpeg
1462,Zebra,Zebra (617).jpeg
1463,Zebra,Zebra (1436).jpeg
1464,Zebra,Zebra (909).jpeg
1465,Zebra,Zebra (597).jpeg
1466,Zebra,Zebra (641).jpeg
1467,Zebra,Zebra (1597).jpeg
1468,Zebra,Zebra (920).jpeg
1469,Zebra,Zebra (1615).jpeg
1470,Zebra,Zebra (975).jpeg
1471,Zebra,Zebra (965).jpeg
1472,Zebra,Zebra (366).jpeg
1473,Zebra,Zebra (853).jpeg
1474,Zebra,Zebra (387).jpeg
1475,Zebra,Zebra (551).jpeg
1476,Zebra,Zebra (1527).jpeg
1477,Zebra,Zebra (1915).jpeg
1478,Zebra,Zebra (554).jpeg
1479,Zebra,Zebra (318).jpeg
1480,Zebra,Zebra (1820).jpeg
1481,Zebra,Zebra (577).jpeg
1482,Zebra,Zebra (265).jpeg
1483,Zebra,Zebra (1394).jpeg
1484,Zebra,Zebra (30).jpeg
1485,Zebra,Zebra (880).jpeg
1486,Zebra,Zebra (180).jpeg
1487,Zebra,Zebra (1680).jpeg
1488,Zebra,Zebra (1486).jpeg
1489,Zebra,Zebra (1300).jpeg
1490,Zebra,Zebra (97).jpeg
1491,Zebra,Zebra (560).jpeg
1492,Zebra,Zebra (1429).jpeg
1493,Zebra,Zebra (1658).jpeg
1494,Zebra,Zebra (436).jpeg
1495,Zebra,Zebra (1362).jpeg
1496,Zebra,Zebra (1367).jpeg
1497,Zebra,Zebra (1245).jpeg
1498,Zebra,Zebra (1965).jpeg
1499,Zebra,Zebra (643).jpeg
